{
  "project_info": {
    "project_number": "850835888382",
    "firebase_url": "https://event-manager-ae84b.firebaseio.com",
    "project_id": "event-manager-ae84b",
    "storage_bucket": "event-manager-ae84b.appspot.com"
  },
  "client": [
    {
      "client_info": {
        "mobilesdk_app_id": "1:850835888382:android:6eb1599318beab57496daf",
        "android_client_info": {
          "package_name": "com.example.eventmanager"
        }
      },
      "oauth_client": [
        {
          "client_id": "850835888382-77qmvnfbduj8ed1ecoo5gcv3j7a0ima9.apps.googleusercontent.com",
          "client_type": 3
        }
      ],
      "api_key": [
        {
          "current_key": "AIzaSyCQ68nWQ0RVCiLLzDBLmRkHvniw_odZNNo"
        }
      ],
      "services": {
        "appinvite_service": {
          "other_platform_oauth_client": [
            {
              "client_id": "850835888382-77qmvnfbduj8ed1ecoo5gcv3j7a0ima9.apps.googleusercontent.com",
              "client_type": 3
            }
          ]
        }
      }
    },
    {
      "client_info": {
        "mobilesdk_app_id": "1:850835888382:android:077088931dae9ade496daf",
        "android_client_info": {
          "package_name": "com.example.fiver_shahzaib"
        }
      },
      "oauth_client": [
        {
          "client_id": "850835888382-95l8q1kjs0d6s2dvkom8ugim798lvrdc.apps.googleusercontent.com",
          "client_type": 1,
          "android_info": {
            "package_name": "com.example.fiver_shahzaib",
            "certificate_hash": "01ceca2cef57df78b184d3d1badfc64a992d2ae8"
          }
        },
        {
          "client_id": "850835888382-77qmvnfbduj8ed1ecoo5gcv3j7a0ima9.apps.googleusercontent.com",
          "client_type": 3
        }
      ],
      "api_key": [
        {
          "current_key": "AIzaSyCQ68nWQ0RVCiLLzDBLmRkHvniw_odZNNo"
        }
      ],
      "services": {
        "appinvite_service": {
          "other_platform_oauth_client": [
            {
              "client_id": "850835888382-77qmvnfbduj8ed1ecoo5gcv3j7a0ima9.apps.googleusercontent.com",
              "client_type": 3
            }
          ]
        }
      }
    }
  ],
  "configuration_version": "1"
}